DATASET:,,,,,,,,,
num_gates,fan_in,fan_out,hierarchy_depth,num_registers,logic_depth,gate_redundancy_factor,logic_duplication_factor,gate_complexity_factor,path_congestion
243,6,6,1,100,51,1.27657421,1.171661141,2.285542708,0.09105939
477,8,3,3,24,100,0.8353104,1.183111237,2.09747811,0.566186069
150,8,7,2,96,36,1.331546198,0.982641532,2.631853622,0.286413979
447,6,8,3,77,94,1.461848032,1.084454107,2.913521811,0.952553752
318,5,10,5,89,67,1.439881159,1.061074786,2.516096553,0.076531313
229,10,5,1,81,51,0.610163503,0.842859985,2.907257072,0.803886222
312,3,6,1,12,63,1.207714552,1.186948236,2.629405017,0.232669594
370,5,3,3,83,74,0.741930911,1.017429581,2.449117282,0.061544895
100,5,2,1,66,22,1.081223562,0.992010162,1.597649466,0.483264893
218,3,5,3,32,48,1.364244084,0.974147267,2.83480668,0.757855933
193,7,6,1,64,43,0.960791325,1.069113376,2.353449348,0.847615911
191,9,5,5,57,43,0.776963963,1.17252259,1.763714504,0.62239354
295,9,7,1,44,66,1.334031286,0.973974344,2.348435847,0.444272551
252,7,4,5,34,54,0.883630293,0.870809478,2.714669549,0.475295544
408,7,2,3,85,86,1.235529318,1.193238606,2.001524567,0.12931929
353,3,10,3,42,74,0.809415094,1.189717251,1.497295703,0.856847884
232,3,3,3,94,48,0.507640167,0.968403095,1.452427525,0.25125992
240,4,8,4,79,51,1.436894478,0.853824891,1.927916991,0.490689242
402,5,1,1,32,83,0.934340007,1.087678197,2.016477372,0.369743284
303,9,4,4,21,68,0.915020621,0.919812736,2.730347995,0.453893178
352,4,4,5,88,71,1.016909739,1.001429411,1.387472674,0.204182538
176,7,1,2,44,40,1.341529231,0.936503411,2.829202494,0.786150403
64,3,5,5,43,13,1.236204179,0.988567017,2.800423787,0.866223113
466,2,10,3,92,95,1.233177234,1.065269155,1.689994344,0.227969598
341,8,9,2,40,72,1.29431586,0.986954425,1.550606265,0.40849667
457,7,1,3,35,97,0.50348819,1.122313317,2.614569056,0.117650908
368,7,4,3,19,78,1.455331442,0.945996714,1.307697586,0.007837888
308,10,5,3,77,65,0.67688615,1.186898192,1.706629379,0.525434983
258,6,6,4,57,57,1.23476619,1.128174239,2.137436402,0.580103127
58,6,6,2,72,12,0.668200289,1.161083125,2.541594994,0.39347915
326,6,9,3,73,70,0.916132658,0.823101484,2.215694573,0.485434018
253,3,3,2,71,51,0.610203602,0.955667208,1.014488919,0.079603677
132,2,6,4,80,26,0.738003801,0.920908755,2.059762558,0.873376486
200,1,1,5,26,42,0.729966546,0.896959779,2.687453435,0.139389482
151,8,1,1,47,34,0.786719001,0.852928408,2.819903349,0.775960699
253,4,10,4,99,56,1.371738433,1.155827852,2.586958844,0.980258018
88,9,4,2,18,23,0.628628535,1.125070811,2.916403471,0.911483864
416,3,9,5,79,85,1.04396556,0.987834378,1.995782079,0.46659443
197,3,6,2,53,41,0.896443214,0.922481751,2.084528219,0.110161604
236,5,1,3,52,53,1.496892144,0.990527968,2.413064222,0.076856152
134,4,8,1,63,27,1.330017084,1.081240778,2.298592317,0.791978835
412,4,5,1,21,87,0.864845308,1.192820334,1.118186757,0.776443964
473,8,7,3,55,100,1.401207556,1.049393191,1.378995348,0.718372819
257,7,2,5,74,55,1.11597379,1.103060667,2.111225976,0.550790602
226,8,6,2,27,50,0.565886723,1.184432544,2.806690233,0.289542329
145,3,8,4,33,31,0.925644119,0.870077505,1.036171294,0.84254991
251,1,7,5,74,49,0.86178603,0.867675205,1.143882567,0.979627495
173,10,3,4,57,37,1.057431123,0.879625105,1.022593862,0.232026096
499,5,4,5,87,102,1.208111666,1.038877786,2.657989771,0.447240119
145,6,9,3,29,30,1.429539567,0.815047521,1.511634033,0.39976197
461,1,8,3,51,92,0.86215802,1.047559112,2.873613909,0.645326147
271,4,3,3,41,58,1.493949437,1.042945321,1.692841448,0.647897853
254,8,7,2,83,54,0.913208805,1.070800803,1.847874158,0.390277982
158,10,5,5,48,35,0.941188749,1.171067243,1.808136491,0.567384885
415,1,8,2,60,85,1.258099289,0.845655435,1.388006016,0.290593913
404,6,9,5,82,83,1.483668836,1.106742943,1.066525592,0.333318716
233,7,2,3,45,51,0.964159595,1.022017338,1.717082519,0.569177947
344,7,7,5,10,76,0.807629228,0.968105217,1.115335434,0.46437388
269,3,7,4,45,55,0.616068799,1.111096194,2.767975929,0.610412922
183,1,7,3,98,38,0.575470366,1.055228565,1.641653351,0.696252188
341,8,5,3,79,75,0.633731866,0.971946147,2.532211221,0.122169673
105,3,7,4,11,25,0.871914282,0.840061734,1.728429457,0.369432148
374,2,9,2,15,78,0.949804603,0.887985579,1.606363939,0.232720775
198,9,2,1,16,47,0.993979051,1.120306339,2.599602115,0.580859421
122,5,10,4,13,26,0.601838274,0.878808005,1.636378507,0.108035137
407,10,9,3,40,87,0.891906744,1.018697201,2.036061421,0.380124144
238,5,1,2,17,51,0.505133555,1.103649463,2.734528374,0.482065132
109,6,10,5,91,27,0.58654966,1.049234063,1.964541473,0.495136965
474,4,2,2,29,95,0.877100589,1.032455874,2.152338994,0.504144599
431,1,7,3,57,88,0.563160102,1.025530387,2.177171906,0.978013497
362,5,6,1,56,74,1.101642631,1.0345331,2.592369827,0.186032319
83,10,2,4,55,20,0.575731247,1.197178354,1.947869996,0.797895245
296,7,2,3,59,63,1.437041021,1.161453752,1.706376351,0.536892646
467,9,9,4,43,99,0.765607163,1.195343868,1.188663753,0.849303421
460,2,3,5,56,95,0.86061321,1.156509382,1.528655214,0.732082311
327,3,5,5,89,70,1.338828652,0.861412335,1.573880006,0.693609325
200,2,4,1,84,39,0.996628116,1.109450793,1.574668387,0.108447067
242,8,2,1,20,50,1.218385915,1.032461884,1.575172671,0.903751433
466,8,4,4,86,99,0.958812105,0.836681527,2.975183151,0.952250065
185,2,9,2,90,38,0.756394851,0.917925155,1.956792443,0.231464716
138,1,4,4,55,29,0.743772512,0.801409586,2.13696648,0.350585977
376,4,8,3,70,77,0.745148446,1.113998301,1.53945696,0.628258875
259,8,8,4,62,57,1.419298842,1.014623374,2.103665352,0.420977384
499,3,4,1,100,99,1.380820007,1.076114489,2.430457405,0.144690035
69,2,6,4,96,17,1.104796172,0.878015085,1.648998126,0.886730385
330,10,4,4,15,72,0.99855161,1.166969271,2.563483835,0.004679635
92,8,4,1,32,20,1.432432852,0.865288138,2.136492488,0.344220402
113,6,3,1,67,25,0.692382121,1.047307904,1.288886997,0.414932659
194,8,8,5,99,46,0.996387501,1.176814734,2.301932663,0.634191449
346,6,5,2,85,72,1.212353633,1.091418609,1.100232338,0.564140664
364,9,10,4,100,78,0.751558594,1.064848999,2.281509141,0.327244502
124,10,1,4,84,30,0.79410732,0.916636821,1.024992126,0.075379342
196,2,1,2,34,41,1.077206191,0.940484618,2.785720072,0.236700377
201,2,10,5,14,40,0.863148257,0.964248405,2.565840965,0.541272723
423,3,2,3,33,86,0.722843584,0.981063494,2.461708157,0.673464227
154,2,8,5,31,32,1.424659899,1.024687897,2.357191912,0.944753834
457,8,9,3,40,99,1.402885629,0.888051129,1.094824969,0.404770888
133,1,9,1,24,29,1.311420437,1.169554382,1.643692761,0.908355184
493,10,1,1,55,104,0.905841992,0.89883311,1.505347519,0.620105875
295,7,3,4,98,66,1.338875093,1.015896195,1.469871013,0.937608029
277,1,1,2,100,54,1.231892848,1.180986958,1.189312836,0.245460325
328,1,4,1,91,67,1.291094875,0.928398713,2.328326853,0.994988866
83,3,2,5,26,20,0.946051126,1.117444485,1.659819197,0.055684911
120,6,2,1,10,27,1.492909228,1.101089294,1.840368311,0.437674801
405,7,8,2,97,86,0.974467234,0.81291197,1.331895705,0.44752946
362,6,2,5,31,78,0.805132382,0.832061157,2.468249832,0.50787807
440,3,8,1,75,89,1.112774909,1.027695306,2.002502295,0.230972363
273,6,1,3,79,55,0.862563959,0.951069674,1.038326624,0.499250558
467,6,7,1,76,96,0.985285395,1.172408415,2.067213406,0.379683597
319,8,10,2,35,68,0.912768057,1.166094604,2.967474442,0.822152015
186,5,7,1,24,39,1.127813822,1.013330927,1.735013768,0.538329154
396,7,6,2,88,82,1.018081635,1.171664158,2.737590086,0.993269564
301,5,7,4,43,65,1.176715682,0.862766222,2.339663952,0.395761327
391,2,2,5,71,82,1.093869692,1.099596549,1.281584476,0.119478223
351,7,7,2,45,71,0.659960347,1.113045334,2.103477366,0.271340624
427,4,5,5,54,89,1.039177721,0.938168032,1.899863908,0.315757894
104,10,10,2,77,23,1.018033819,0.83693735,2.410271922,0.403321414
383,10,9,3,23,82,0.79509361,0.950501263,1.381778558,0.22744694
432,7,3,2,89,91,1.131268033,1.18165581,2.804640981,0.599609465
419,4,7,1,23,84,1.156071721,1.036207733,1.526707302,0.345026285
103,5,10,5,28,25,1.114464477,0.969922902,1.349170239,0.883407375
70,4,4,3,88,18,0.8399873,1.069019262,2.020494764,0.902106071
499,6,6,1,66,100,1.191426812,1.00144487,1.958511204,0.008352124
338,6,5,5,20,71,1.112196429,1.172033836,2.104585019,0.164684868
366,6,5,4,36,78,0.568176255,0.974448208,2.105258019,0.326955379
67,6,3,1,69,14,0.588297983,0.948789591,2.433556469,0.866009922
444,4,7,2,19,92,0.986193884,0.811193157,2.964180221,0.559680582
317,2,6,2,63,67,1.02564811,1.111206134,2.063652322,0.12496952
200,9,10,3,76,44,1.225177859,1.024246132,2.770918768,0.410582237
123,4,10,2,22,25,1.182329556,0.842348201,1.761522819,0.228946393
485,2,10,5,34,96,1.440831789,0.985979599,2.50068818,0.83002689
423,3,10,1,77,86,1.405184126,0.949606774,2.130318704,0.64101771
396,7,10,3,30,84,0.807970535,1.11142118,2.638939361,0.501388315
412,2,6,4,79,86,1.35619587,1.175882385,2.393130096,0.322240237
427,7,7,2,86,87,0.981431869,1.197385019,1.203906535,0.522396285
193,3,6,2,85,41,1.098053284,1.112084751,1.179303845,0.995481339
324,7,2,4,77,69,1.186876346,1.1964377,2.054857072,0.67674479
290,10,1,4,23,65,0.595469284,1.169219347,2.929981786,0.755728703
461,2,1,3,88,95,0.645044798,0.921657002,1.250340075,0.277241208
296,1,6,1,83,57,1.203096181,1.023365931,2.533024294,0.335961268
313,9,10,5,46,67,1.283440682,1.140308601,2.159083307,0.449626608
204,1,7,4,81,40,0.976912143,0.995813791,1.66957534,0.973822035
372,2,10,2,67,76,0.700686555,0.812215436,2.243064389,0.877197436
311,6,10,1,52,63,1.158092051,0.840082947,2.72785581,0.390648746
125,8,3,2,40,27,1.253475842,0.820216122,2.687070615,0.134440992
293,5,1,4,19,61,1.012793123,1.199535975,2.763945206,0.105859182
413,5,7,4,50,86,0.985905902,0.873732137,2.339812436,0.314539833
105,5,1,2,60,21,0.972023251,1.152202664,1.307012421,0.85016292
424,1,3,2,85,85,1.258646907,0.965164865,1.294219244,0.578738791
76,1,9,3,24,18,0.709134762,1.052536714,1.345008313,0.89802502
296,9,7,1,65,66,0.787335267,1.062281245,1.753214736,0.55583209
475,9,7,3,14,103,1.356860576,1.027520918,2.521146619,0.075235279
302,10,9,3,13,65,1.133204777,0.969739806,2.442017641,0.512574577
497,4,10,5,79,100,0.767320535,1.175748312,2.310348906,0.239221883
85,5,8,4,54,22,0.799182688,0.854659115,2.3412476,0.255424899
100,9,1,4,41,27,0.997382274,0.853953241,2.84764796,0.774011434
201,2,1,3,69,42,1.410337659,1.108933847,1.391491023,0.395039214
326,7,6,1,88,68,1.207590069,0.820155684,1.513355218,0.533209081
89,4,6,2,64,22,0.805039521,1.016589832,1.174787599,0.470204228
180,8,3,5,83,41,0.962941667,0.903682602,1.378237959,0.186513163
83,9,10,1,94,20,0.564293328,0.922882774,2.445046507,0.431455248
264,10,10,4,94,61,0.872093425,0.851345006,1.580868935,0.055007535
450,3,10,4,81,89,0.664868214,0.989413341,1.301921663,0.806115
415,1,5,2,45,86,1.489458249,0.94968963,2.215242093,0.039580642
436,7,5,5,67,92,1.179048125,1.144741986,1.99383716,0.454010034
414,2,5,2,60,81,1.307879716,1.165213227,2.76863224,0.421209815
166,3,7,1,15,36,0.601698468,1.074919147,2.716641898,0.198964957
358,2,3,5,43,72,0.703823043,1.129566544,2.530551501,0.682956827
120,3,4,3,25,28,1.456100891,0.929970075,2.727220104,0.450478637
73,8,9,4,69,22,0.738331659,0.959705202,1.207883069,0.320825551
122,5,7,3,85,28,0.773081686,0.801810054,1.874154646,0.316114445
138,8,1,5,68,34,0.725459156,1.076277432,1.35468207,0.444403499
92,9,8,3,21,25,1.085631939,1.044149969,2.29142085,0.013741926
215,8,2,5,51,47,1.426223246,1.084567947,1.486539708,0.030657573
416,2,3,3,29,83,1.245738586,0.934409379,2.8535168,0.036432264
203,1,8,5,55,42,1.274737016,0.80672828,2.019720146,0.906850806
99,4,4,1,83,21,0.588268927,1.028984507,2.644080977,0.238110222
266,2,2,3,55,57,0.976237943,0.829163112,1.714652068,0.69531267
314,5,10,4,48,66,0.942567446,0.885994937,2.656872572,0.002475528
248,1,3,2,43,48,1.018627162,1.043285717,2.263988504,0.351006884
150,6,4,1,56,33,0.638281888,1.051059358,2.265130571,0.43980085
116,2,2,4,63,23,1.089514606,1.036033105,1.726902293,0.788465039
438,8,9,4,65,93,1.21546464,1.04013427,1.47607785,0.951668345
469,3,7,2,48,96,0.650668433,1.172396545,2.026422186,0.536395481
448,3,3,2,47,92,0.696728126,1.165867748,1.768162086,0.226691005
466,3,3,4,86,96,1.3198684,1.184884117,2.731863716,0.353881744
186,7,6,1,38,38,1.231154128,0.937641673,2.222961951,0.613209119
309,1,8,3,30,62,0.646353675,1.022740891,1.05906978,0.254445041
465,4,10,5,91,96,1.330359124,1.145607297,1.169591693,0.336441659
365,1,6,5,36,76,0.819337722,1.180870752,1.72258965,0.113308039
76,2,5,3,93,16,1.100048795,0.802907574,2.425619533,0.954690598
203,10,9,3,83,44,1.414258502,0.91971665,2.624926114,0.827571456
74,6,5,4,62,18,1.366531022,1.065601311,2.438284614,0.759292219
139,3,10,2,64,27,1.126339169,0.984237857,2.842693537,0.196397485
353,9,8,5,12,78,0.791696402,0.852876628,2.262634999,0.500724328
252,5,10,5,52,57,1.037510501,0.858424976,2.263764639,0.022714024
285,1,6,3,15,58,0.857500452,0.834392352,1.975095058,0.818892797
134,2,2,2,23,26,0.56827272,0.887592048,2.306111586,0.729840743
88,10,6,4,64,22,1.169917964,1.013863414,2.569037575,0.898949888
155,9,3,5,91,38,1.151129459,0.993613522,1.794170396,0.530098599
161,10,10,4,59,37,0.806510546,1.06464727,1.80344292,0.333277739
316,7,4,3,15,69,1.169020255,1.102884853,1.992457833,0.622487205
210,2,7,4,98,46,1.378111584,1.019888257,2.249880613,0.363108453
459,8,10,5,43,94,0.550863604,0.991063294,1.737157764,0.179118049
204,9,3,4,17,48,1.393434451,1.146244434,2.904026172,0.294856938
366,3,3,2,14,75,1.121285212,1.09138745,2.911148394,0.200317298
283,3,3,5,86,62,0.792113712,1.032042103,2.894041313,0.782749149
130,9,7,3,95,32,0.989903529,0.839528356,1.706075771,0.1289191
156,5,7,2,73,35,0.830264044,1.028814187,1.504601652,0.181069672
485,5,9,2,10,99,1.339006385,0.805668405,2.760174324,0.902758319
370,4,8,4,35,77,0.552109416,0.925503386,1.094950762,0.102469039
351,6,4,4,81,75,1.17609219,0.916717175,1.26744313,0.556178157
284,7,8,3,100,62,0.961912075,1.175172682,1.238677769,0.09947632
186,8,2,5,24,43,1.323381247,0.938069326,2.103820334,0.138356783
244,4,4,4,36,52,0.812593505,1.025498634,2.503530206,0.15809454
499,5,9,3,44,100,0.66877815,1.084425674,2.747130386,0.295859029
248,3,2,5,10,54,1.275099406,0.817333931,2.133842405,0.173145528
439,3,2,5,96,92,1.105777994,1.046491121,2.555610156,0.392623646
392,2,1,5,15,81,1.389415518,1.08644249,1.778828932,0.009099574
472,5,9,1,47,97,1.282528427,1.085431692,2.400341206,0.146228793
315,7,8,5,25,70,0.558495326,1.071131207,1.07069523,0.497882297
423,9,10,1,73,88,1.194188573,1.024160786,1.371584648,0.54930583
337,9,1,5,27,71,1.040505885,1.061584388,1.681067835,0.980373576
253,10,10,3,49,56,1.287966522,0.951503574,1.738650791,0.502678811
68,2,6,4,90,18,0.505681272,1.008049735,1.12085864,0.668363579
332,9,2,4,15,74,1.161150852,1.170694366,2.156891785,0.275944028
479,10,5,5,34,104,1.044982559,1.149447783,2.839313259,0.81067437
393,7,9,5,48,86,1.203663365,1.094952916,2.714605765,0.88816738
274,10,1,3,63,61,0.953400012,1.143244762,2.475525804,0.355454371
302,5,3,4,91,66,1.413466859,0.8938908,1.058770762,0.857200516
303,7,9,5,39,64,1.037732749,1.18941214,1.853743949,0.357589765
278,4,6,3,43,59,1.150026423,0.910606076,2.736411326,0.417074193
141,6,3,5,81,33,0.842074417,1.153325131,1.573355371,0.985655901
199,1,8,4,86,43,0.870767461,0.834891664,1.235633473,0.096153625
87,2,3,5,41,21,1.470010176,1.062410351,1.531936676,0.426463135
234,1,9,2,63,46,0.73093767,0.884392649,1.106834043,0.419993762
255,4,2,2,88,52,1.255884909,1.090399236,1.544845232,0.662176621
247,6,9,5,33,54,1.226282133,0.980430453,2.555979918,0.80416301
309,6,10,3,48,63,1.299653047,1.106565703,1.638699132,0.974805039
431,6,8,3,46,88,0.943380297,1.180353628,2.553724668,0.532659424
217,8,6,5,69,48,0.674777984,1.164175549,1.824422933,0.721637928
395,10,9,4,28,83,0.992554463,0.882084638,1.652474062,0.974538849
130,1,7,4,83,26,0.777277734,0.802573777,1.968879552,0.000115331
342,2,5,3,21,67,1.337027577,0.926893974,1.495924281,0.888248961
394,9,1,1,25,85,1.238844985,1.122136233,2.339861557,0.772668405
190,7,5,4,70,42,0.919458833,0.955788008,2.421465162,0.907705253
178,5,8,5,24,40,1.494559717,1.041292319,2.02502792,0.65170597
89,7,2,2,96,23,1.255484741,0.91021212,2.397604643,0.840499229
132,1,1,3,50,26,0.902277021,1.178478623,1.584229783,0.661408591
179,10,4,5,32,43,0.845574746,0.858853638,1.493381431,0.603829892
115,7,5,5,39,29,0.672574582,1.072478021,2.258837462,0.79763333
270,3,2,3,90,53,1.199777338,0.882409955,2.677272979,0.652764519
238,7,8,4,47,52,0.86748638,0.912820092,1.02824592,0.990304924
355,6,10,4,30,75,0.617703057,1.151685979,2.157149802,0.44588228
462,6,6,5,49,98,1.348008562,0.846225005,2.208728608,0.977412054
307,10,4,4,59,69,0.509925663,0.954302407,2.524407056,0.560460501
452,5,9,3,38,95,1.293584229,1.159545343,2.304780949,0.681532892
172,10,3,5,60,41,1.372067226,0.949578217,1.738300869,0.900698833
282,4,3,1,65,57,1.056966613,1.020034186,1.706061769,0.935933423
195,3,10,5,98,42,1.18453154,1.165387565,1.786757643,0.195362652
265,3,6,5,17,56,1.067681856,1.066878826,2.231217349,0.101638238
339,3,5,4,11,69,1.241786461,0.927630613,2.721537459,0.77489604
227,4,6,3,21,45,1.159866576,0.837606168,1.078278337,0.890711391
263,10,3,2,53,57,0.768732836,1.057456288,1.085856379,0.446838499
444,9,8,4,28,95,0.93912686,0.862020598,1.559313172,0.878695175
231,1,9,3,39,49,0.870829703,1.051632956,2.711458632,0.712979258
304,1,9,2,100,60,1.479500803,0.886704836,2.629601607,0.893130309
408,1,10,3,67,84,1.233323387,1.010095543,1.425742091,0.588614505
298,8,10,4,48,62,0.618033544,1.01953999,2.537427963,0.772353024
427,9,1,5,66,89,1.168887208,0.955235098,1.047657399,0.355988619
291,7,10,3,12,60,1.125158833,1.073816014,2.09009673,0.985817999
251,8,3,5,64,52,1.155459214,0.963079576,1.898106553,0.817222395
159,6,10,2,77,36,0.884292186,1.099073087,2.763430752,0.885339084
431,4,9,3,52,90,1.461704073,0.842230426,1.126914689,0.492617484
434,1,10,5,91,87,0.710419706,1.123268917,2.547025468,0.824513855
417,1,5,4,90,85,0.89631284,1.091338047,2.00326786,0.722949569
285,6,4,1,22,61,1.151044323,1.147739252,1.691215628,0.769124342
183,4,3,4,55,38,0.921636956,1.061813763,2.962175563,0.910939043
233,5,8,4,55,50,0.752698306,0.917843765,2.41334771,0.834035651
394,7,5,2,12,84,0.538693571,1.100302942,2.298734691,0.409393382
186,5,7,2,60,40,0.714751426,0.967004014,2.512295247,0.270185495
333,9,4,4,55,72,0.695148516,1.163399181,1.855397843,0.08346645
404,3,5,3,74,82,1.200153309,1.066789989,1.731479646,0.197318196
425,9,4,2,76,92,0.556122093,0.840725797,2.125722576,0.926051802
469,6,5,5,85,98,0.917902189,0.847060731,2.457531396,0.187657719
80,10,5,1,48,19,0.605842461,1.027367638,1.83598137,0.722938609
314,7,7,2,46,69,0.798818788,1.01301366,1.502135461,0.439902246
365,6,1,5,26,76,1.413779805,1.093330784,1.63233861,0.14231665
392,9,4,2,63,83,1.03366772,1.052457286,2.346023555,0.370192966
212,8,9,1,25,44,1.376511881,0.813674662,2.973994642,0.998459925
217,6,7,3,51,49,1.114669306,0.9679927,1.954991061,0.860876725
207,8,2,3,84,46,1.240618846,0.880230339,2.067588277,0.436559257
235,3,3,2,10,49,1.295176324,1.113336782,1.711757513,0.4216994
443,2,1,4,16,90,0.673382321,1.176524364,2.243613142,0.553618703
410,1,4,2,21,80,1.314170477,0.849179579,2.555243841,0.271050022
258,4,2,2,82,54,0.703511913,0.966134975,2.737645977,0.255186948
253,6,8,3,49,57,0.883430095,1.109412168,1.554370718,0.614336894
485,6,9,5,44,104,0.664710162,1.196287578,2.580686916,0.046464579
291,1,3,4,22,59,0.989539181,1.155277425,2.108184503,0.774842667
78,9,3,4,19,23,1.489403692,0.877681177,1.827192866,0.411607994
339,1,2,4,33,71,0.721192976,0.839017598,1.268406393,0.861072712
83,2,5,3,37,21,1.041782452,0.835142878,1.025212723,0.33245959
393,4,10,3,61,83,1.242816836,1.053143765,1.845607531,0.379406354
130,8,4,4,65,29,0.562220445,0.808519438,2.570203601,0.398044879
197,5,2,1,35,43,1.254174511,1.079528876,2.452647943,0.120624463
285,7,10,4,14,63,1.224331906,1.199407814,1.087512509,0.83930422
492,5,1,3,98,99,0.847112588,0.848636405,2.551287116,0.896351206
488,1,10,4,16,101,1.166488643,0.94864705,2.58734686,0.432862829
130,10,10,1,90,31,0.56990526,1.191188408,2.678352949,0.392361518
441,1,5,4,38,88,1.106196135,0.869790343,2.02508448,0.037683961
274,10,5,3,64,62,0.982450976,1.180083115,1.075482457,0.092874242
265,4,6,3,42,58,0.978178658,1.155284825,1.21621145,0.249472645
61,5,7,2,16,14,0.608871581,1.049998332,2.241908705,0.532310285
484,8,2,1,46,103,0.602205376,1.130211056,2.771203512,0.73990669
250,7,4,3,16,57,1.052384772,1.104198062,1.364722224,0.667360133
424,9,4,2,57,91,0.808604471,1.103390328,1.936233737,0.989061378
113,4,10,1,71,27,1.198328581,1.066122005,2.133740568,0.373282833
312,8,6,4,86,64,0.928169325,1.025887461,1.287623528,0.407860631
437,2,6,2,50,91,1.022179502,1.009699585,2.047038739,0.02777498
399,7,4,3,65,83,1.179574986,0.887015758,2.12751986,0.505344139
272,9,4,3,93,58,1.097218368,0.811925594,1.884196934,0.83587999
296,6,3,2,17,63,1.283791801,0.972293496,1.498769013,0.687102538
82,3,8,2,26,19,1.182399495,1.172051051,2.915870911,0.801550954
228,6,2,5,83,47,1.426466483,1.151235853,2.824818104,0.23222373
68,1,7,4,95,18,1.102993397,1.060175717,2.47454375,0.725983097
98,8,8,2,70,21,0.70601982,0.919120395,1.470624023,0.966885374
347,7,3,5,47,72,1.282697595,1.191886812,1.767700257,0.70082283
69,6,2,5,95,17,1.441248547,0.802946703,1.940041208,0.967737111
122,6,1,5,59,30,1.473686106,1.145636217,2.055083958,0.380856178
221,3,7,5,99,46,1.292261501,0.973650355,1.913689523,0.861218425
306,9,5,2,70,64,0.536409823,1.121800157,1.410176426,0.728373963
108,7,4,2,66,25,0.760133409,0.986633169,1.660354021,0.934601556
202,6,4,5,62,45,1.285287855,0.9273986,1.181198494,0.84119162
110,7,5,5,59,26,0.948959595,0.80889578,1.724826602,0.603621669
327,3,4,3,70,65,0.968136459,1.122909348,1.181023775,0.306564772
233,7,3,2,19,52,1.252203556,1.183708648,1.287874248,0.478615818
217,10,10,1,25,50,1.173110454,1.098058848,2.421896907,0.468991011
197,10,2,2,44,42,0.56274953,1.167024125,1.704898673,0.993404973
170,6,3,2,43,38,1.066930348,1.159733428,2.464366228,0.33976744
228,9,9,2,38,52,0.559820666,0.837736469,2.389967768,0.266898268
242,4,1,5,38,51,1.380615589,0.914809213,2.304156442,0.054032834
446,7,1,1,24,90,1.451612043,1.158338836,2.921639773,0.742458646
59,7,10,4,49,15,1.375409174,1.116671132,2.996181459,0.113080459
185,7,4,5,17,39,0.618252885,1.0246067,2.112503739,0.114546701
451,6,2,2,10,93,0.780375986,1.010359953,1.557537815,0.276682669
207,5,6,2,16,44,0.931118593,0.994121995,1.170394538,0.744343721
451,7,7,4,27,96,0.813951336,0.856713754,2.203440338,0.020181993
150,2,7,2,27,31,0.797165001,0.942789866,2.858019343,0.305450816
62,8,3,1,83,17,1.340107103,0.854692014,2.679693915,0.576003374
394,10,6,2,76,87,1.17909232,1.122007906,2.379238488,0.055750062
419,10,5,3,32,92,0.796050118,1.115240574,2.81904814,0.884668482
297,5,10,1,91,60,1.245245796,0.860945193,1.640112949,0.416307286
221,3,9,1,93,48,0.895098187,0.911674572,2.356371053,0.425103048
209,7,9,5,46,44,0.543813356,1.051196092,2.121864356,0.758918579
242,6,7,3,30,54,1.084775125,0.838328438,2.937825709,0.055105852
410,9,4,4,13,88,1.205690017,1.172921036,1.058164684,0.821032886
167,8,6,5,25,40,1.388495235,1.058821759,1.43864897,0.303656631
477,6,4,1,29,100,1.49127561,0.88565895,2.575027855,0.134546666
228,2,6,1,75,44,1.107091924,1.008714973,1.134744081,0.891862226
275,2,4,5,85,55,0.747133818,1.115425472,1.073498503,0.096734426
497,7,9,1,75,100,0.59232345,0.885993972,2.005315105,0.528635129
246,1,9,2,69,49,0.871562523,0.870870821,1.585868198,0.186630351
353,8,2,3,43,75,1.053766631,0.99373515,2.037536915,0.375667344
399,10,4,2,26,87,1.3108527,0.836041134,2.177533027,0.993272423
185,4,10,5,34,39,0.839150548,0.842489852,2.291613001,0.098286446
323,5,5,5,51,71,1.472922877,1.074017447,2.238065106,0.229866418
143,9,2,5,58,33,1.379799446,0.974215296,2.049687111,0.688894663
277,2,4,1,34,57,1.0766032,1.076017981,2.691885492,0.477487178
280,8,9,5,26,63,1.337380613,1.059693215,1.235263884,0.569948068
253,2,7,2,59,51,1.275079122,1.011998186,1.675136063,0.999741163
126,5,4,2,20,25,0.673083875,1.068771706,2.160649201,0.738351669
306,3,3,5,39,63,1.116577986,0.960656795,2.919160536,0.781711824
72,5,5,5,68,15,0.70779389,0.986360036,1.202368549,0.22476203
173,1,3,5,38,33,1.23616502,0.866279548,1.848706307,0.948192463
395,7,10,2,77,82,1.092353727,0.930030435,1.649334644,0.694303957
445,8,8,1,88,92,0.741325066,0.975649897,1.185599557,0.219688286
466,6,7,2,15,95,1.078775324,0.964099583,1.225208618,0.576204752
161,10,2,3,61,36,1.443756666,1.192190153,2.004122295,0.741424059
104,8,7,3,74,24,0.901816475,1.192447453,1.763730654,0.303977277
145,7,9,4,72,33,0.866092462,0.931026637,2.267223547,0.936414661
125,10,3,1,40,27,0.713776143,0.963297116,2.960233719,0.001630065
64,1,7,1,28,14,0.623391134,0.902898085,2.831405676,0.384519573
484,6,7,2,92,101,1.221485606,1.173051752,2.695731855,0.323077122
165,10,10,2,89,38,1.3433072,1.172313113,2.443277833,0.215503285
359,2,4,1,16,74,1.189787359,0.945505911,2.095727559,0.201576295
404,1,1,2,20,81,0.549218718,1.137567381,1.438756754,0.031514908
65,1,8,1,84,11,0.527938297,1.190108096,1.386664767,0.612207689
214,8,4,1,70,47,0.544827569,0.882299602,1.741690228,0.716518636
133,3,8,3,22,26,0.504262785,0.937580792,1.300568085,0.687554049
143,4,4,5,15,29,1.276084981,0.926671209,2.564463073,0.44942922
76,10,10,3,77,18,1.101775339,0.990534536,2.414651776,0.9885368
154,7,5,4,38,37,0.638926246,0.847301591,1.860337879,0.6257996
135,5,10,4,56,31,1.312135985,1.087721293,1.609742024,0.335560564
110,6,6,5,66,29,0.775879178,0.932401854,1.62569698,0.657480394
223,1,7,3,94,45,0.653383877,1.020580589,1.355683386,0.595822909
489,7,7,1,51,98,0.838326005,0.918424663,1.191496352,0.42280228
317,8,7,3,77,71,1.482901293,0.879323448,2.66839637,0.738583099
322,2,5,5,21,64,1.078933878,1.175564426,2.645328762,0.576289306
418,7,7,5,23,91,1.149075591,1.003200816,1.513797361,0.833698779
259,9,8,2,39,54,1.454085977,0.903935253,1.000436901,0.597634462
227,10,1,5,95,51,1.361969647,0.951853212,1.005195722,0.135788001
499,8,6,5,71,105,0.900309815,1.108093039,1.433403312,0.754277804
59,10,5,3,43,17,0.934756395,0.827179776,1.49879322,0.582254626
195,8,8,1,99,45,1.477226454,0.960290709,2.596537952,0.433352641
369,10,1,3,23,81,0.51173128,0.887260443,1.686522702,0.550399276
251,1,6,3,80,52,0.502511137,1.199649327,2.987122065,0.698856767
89,8,1,4,12,20,1.24935569,1.076821383,2.988802922,0.234221782
185,10,3,1,25,39,0.689184687,0.870536956,2.725235969,0.221081358
225,10,1,4,94,51,1.474761884,1.111975938,2.997350334,0.977650991
387,2,8,3,56,79,1.355143152,0.808117499,2.328772283,0.528826656
333,8,5,5,99,72,0.814047281,1.053495134,2.752678479,0.20970295
242,9,4,3,83,56,0.677549524,0.887109283,1.892617173,0.585019363
84,10,7,5,71,25,1.179534443,1.078965439,1.139215377,0.147300804
270,1,8,5,69,55,0.66454713,1.080900138,1.473549443,0.045478444
314,3,2,3,82,66,0.53825161,0.946078319,1.518383151,0.72792888
291,4,8,3,81,63,0.565084443,0.971797919,1.797644993,0.19537315
228,4,1,5,65,51,0.888487824,0.803447077,2.616258139,0.223746963
336,6,9,2,51,69,0.790792603,1.197705704,2.968851334,0.048289411
128,1,2,4,60,26,0.675997768,1.195007854,1.286769428,0.883097135
481,10,9,2,54,99,1.116723458,0.850151976,2.440963629,0.286590193
302,1,1,2,46,61,1.009966588,1.131363846,1.205471441,0.858212666
68,5,1,5,84,15,0.980761288,1.071854886,1.72927942,0.968469548
283,9,10,5,57,61,0.95228739,1.19677309,1.076420473,0.828738658
127,2,7,5,51,26,0.984131371,0.828249319,1.44081338,0.017057264
380,1,2,5,20,79,0.798821672,0.977521429,1.914480102,0.586502215
245,2,9,5,91,50,1.1164633,1.070206511,1.025927002,0.496808692
240,8,6,2,24,52,0.949738276,0.931358958,1.040107981,0.559292273
281,1,9,1,96,56,0.54310378,0.889622869,2.154368833,0.602467127
226,1,6,2,70,44,1.392035952,1.098595417,1.057768718,0.736796535
350,10,1,3,99,73,0.723924177,1.134631105,1.266923933,0.820029004
141,3,3,1,44,30,1.367210201,1.04681426,1.239917832,0.895703284
313,4,7,3,49,66,1.026588584,0.996240692,1.003366254,0.039428603
423,10,4,4,64,88,0.919283091,1.067906834,2.128556637,0.794309621
211,8,6,3,94,44,0.817735512,0.938093664,1.165013285,0.195636893
164,6,6,2,46,36,1.463034082,0.901644631,2.416068664,0.871557049
62,10,5,1,27,16,0.931693171,0.960870898,2.331421237,0.957726007
187,7,3,3,34,44,1.010718794,0.916338396,1.784644048,0.407034787
68,5,9,3,33,19,1.294077392,0.84571657,1.292624452,0.254828564
137,4,1,4,81,27,0.909279357,1.114417883,2.852759952,0.132998129
193,10,8,3,46,43,0.647623098,0.980915948,2.110192765,0.692461642
371,3,2,1,40,76,1.479824842,1.152685894,1.423381036,0.142863118
232,6,7,4,39,52,1.326925826,1.199069745,2.757551198,0.658935958
321,9,7,5,24,71,1.32115864,0.91126428,1.054870441,0.691066485
368,4,7,4,74,76,1.095189275,1.163049413,2.416468167,0.852603581
383,3,2,4,79,79,1.068916076,1.07650715,1.354297728,0.39580646
453,5,4,1,51,94,0.82375572,0.950459106,1.435669462,0.965571804
463,7,5,3,69,98,1.211251858,1.165309238,2.80198382,0.119167315
312,5,1,2,17,67,0.752306218,0.859763707,2.208602472,0.823087763
95,7,4,3,30,20,1.071609313,1.049616357,2.129900992,0.329864244
63,8,9,5,64,17,0.71609144,1.039581428,2.400916095,0.953514756
426,3,1,3,58,86,1.228013339,0.921594074,1.372190261,0.227748519
422,3,2,4,66,84,0.969270106,1.184941499,1.180850235,0.234339295
185,8,8,1,89,39,1.351077089,1.09683918,2.735310456,0.684217286
209,10,2,4,29,49,1.390281154,1.059941538,1.583146875,0.221597408
131,6,8,4,92,33,0.95092731,0.980226122,1.253660869,0.651637905
466,8,7,3,90,98,1.089336452,0.901696494,2.285503679,0.226896356
75,4,6,2,98,18,1.462752081,0.97275294,1.040262244,0.017647421
129,3,5,4,50,25,0.550869263,0.86532515,1.912718827,0.40602491
320,8,7,1,81,66,0.6663056,1.104770359,1.502357245,0.33650219
405,10,5,5,79,89,0.605013696,0.91255703,1.574854523,0.23070835
133,4,10,3,97,28,1.439327785,1.066858188,1.82605679,0.839534462
88,2,1,1,97,18,0.751771937,1.026513945,1.882221576,0.894112435
251,10,1,4,49,57,0.559992603,1.111406567,2.035903812,0.034625516
496,2,9,5,54,101,0.900794217,0.870395759,1.434422101,0.23038039
329,4,4,5,36,71,1.185678611,1.121778651,1.040036487,0.909755331
103,10,3,3,13,23,1.124429118,0.989235768,2.483368748,0.013871128
227,5,10,2,91,45,1.252624368,0.827193775,1.194869135,0.71398128
305,9,9,3,77,69,1.194640003,1.071217273,2.522295114,0.226881385
463,1,2,1,13,93,1.412240121,0.973875823,2.983711669,0.237153484
261,10,10,1,60,56,0.962950901,0.934263302,2.102299681,0.519159753
169,1,9,5,74,38,0.697549123,1.192278846,2.173217695,0.620677756
478,8,5,4,23,99,1.260957902,0.842647765,2.340671657,0.306640138
179,1,4,2,47,35,0.914054595,0.857646139,2.6039327,0.181660176
272,5,10,2,99,59,0.652788252,1.058980565,2.613627095,0.933476615
356,2,5,5,67,75,0.680571454,1.03235017,2.617550036,0.53496162
320,1,2,1,61,64,0.917763243,0.810980295,2.641374402,0.854059935
158,2,7,3,84,33,0.686972952,1.0865733,1.228421896,0.827782811
449,5,8,3,25,91,1.177879066,0.877258665,1.436829094,0.974763264
92,9,3,3,85,22,1.087709728,1.151618705,2.981350566,0.217582974
457,1,4,3,61,90,0.643831946,0.878471257,1.251154792,0.653465019
152,3,3,5,32,34,1.486478482,1.138600934,2.182638223,0.532494075
96,9,5,2,35,26,1.394247897,0.952568127,1.901583657,0.212928859
144,3,10,2,65,33,0.799488347,1.128291985,1.485752969,0.392718311
261,6,3,2,89,53,0.578834707,1.102124548,2.466990671,0.644279249
328,7,2,3,82,72,1.167642463,0.831279192,2.096412904,0.252222311
159,9,8,1,53,35,1.157507577,0.814004148,2.565221002,0.136458836
289,9,4,5,37,64,0.911020159,0.909411063,1.310197664,0.555490607
458,6,9,1,44,95,1.156448984,0.887407861,2.470679278,0.463024945
185,5,7,2,14,39,1.131488568,1.10349039,2.347809203,0.816352279
271,10,2,1,26,61,0.728384392,1.005803983,2.108915193,0.079307737
490,10,6,4,13,101,0.882066941,1.050614501,1.401107119,0.752602527
305,9,3,2,73,63,1.336956678,0.800735954,2.049925346,0.649776298
376,3,8,5,82,78,1.178268675,1.120223842,2.765716488,0.359365409
114,5,9,5,32,28,1.216581883,1.196629463,2.544385025,0.468457073
90,7,7,3,58,19,1.24817802,1.18415737,2.606417468,0.731105254
185,1,9,1,52,39,0.567122152,0.976451966,2.316478894,0.254219774
204,5,7,4,62,45,1.174216564,1.16850336,1.878003545,0.072472797
498,3,2,3,41,101,0.657484208,1.161420303,1.92553495,0.619114727
459,4,9,4,32,94,1.251247902,1.006213849,2.867752535,0.028681322
334,4,7,4,85,72,1.430028644,0.870981778,2.136728691,0.553000687
